# Metro Areas - All Working Cities
# Last updated: 2026-02-26

# ARIZONA
mesaAZ
phoenixAZ
prescottvalleyAZ
tucsonAZ

# CALIFORNIA
alamedaCA
anaheimCA
berkeleyCA
burbankCA
burlingameCA
cathedralcityCA
chulavistaCA
coronaCA
costamesaCA
culvercityCA
cupertinoCA
fontanaCA
fremontCA
fresnoCA
fullertonCA
glendaleCA
goletaCA
haywardCA
huntingtonbeachCA
irvineCA
lakeforestCA
longbeachCA
losangelesCA
menloparkCA
mountainviewCA
newportbeachCA
oaklandCA
oceansideCA
ontarioCA
orangeCA
paloaltoCA
pomonaCA
ranchocucamongaCA
redwoodcityCA
riversideCA
sacramentoCA
salinasCA
sanbernardinoCA
sandiegoCA
sanfranciscoCA
sanjoseCA
santaanaCA
santabarbaraCA
santaclaraCA
santacruzCA
santamonicaCA
santarosaCA
southsanfranciscoCA
sunnyvaleCA
torranceCA

# COLORADO
boulderCO
coloradospringsCO
denverCO

# CONNECTICUT
newhavenCT

# FLORIDA
fortlauderdaleFL
jacksonvilleFL
miamiFL
tampaFL

# GEORGIA
atlantaGA
columbusGA
jonesboroGA
lilburnGA
roswellGA
sandyspringsGA

# IDAHO
boiseID

# ILLINOIS
chicagoIL
napervilleIL

# KENTUCKY
lexingtonKY
louisvilleKY

# LOUISIANA
neworleansLA

# MARYLAND
baltimoreMD

# MASSACHUSETTS
bostonMA
cambridgeMA
marlboroughMA
worcesterMA

# MICHIGAN
annarborMI
cantonMI
detroitMI

# MINNESOTA
saintpaulMN

# MISSOURI
kansascityMO
stlouisMO

# NEVADA
lasvegasNV
northlasvegasNV
renoNV

# NEW JERSEY
cherryhillNJ
newarkNJ
princetonNJ

# NEW MEXICO
albuquerqueNM

# NEW YORK
ithacaNY
newyorkNY
patchogueNY

# NORTH CAROLINA
chapelhillNC
charlotteNC
durhamNC
raleighNC

# OHIO
cincinnatiOH
clevelandOH
columbusOH

# OKLAHOMA
brokenarrowOK
oklahomacityOK

# PENNSYLVANIA
philadelphiaPA
pittsburghPA

# RHODE ISLAND
providenceRI

# TENNESSEE
clevelandTN
nashvilleTN

# TEXAS
arlingtonTX
austinTX
bedfordTX
cedarparkTX
corpuschristiTX
dallasTX
elpasoTX
fortworthTX
friscoTX
georgetownTX
houstonTX
mckinneyTX
mesquiteTX
newbraunfelsTX
planoTX
roundrockTX
sanantonioTX
sugarlandTX
templeTX
tomballTX

# UTAH
saltlakecityUT

# VIRGINIA
alexandriaVA
richmondVA

# WASHINGTON
bellevueWA
moseslakeWA
redmondWA
seattleWA
tacomaWA

# WISCONSIN
madisonWI
manitowocWI
milwaukeeWI
